[{
        "constant": false,
        "inputs": [],
        "name": "withdraw",
        "outputs": [{
            "name": "result",
            "type": "bool"
        }],
        "payable": false,
        "stateMutability": "nonpayable",
        "type": "function"
    },
    {
        "constant": true,
        "inputs": [{
            "name": "status",
            "type": "uint256"
        }],
        "name": "getUserStatus",
        "outputs": [{
            "components": [{
                    "name": "lastBlock",
                    "type": "uint256"
                },
                {
                    "name": "numOf",
                    "type": "uint256"
                },
                {
                    "name": "status",
                    "type": "uint8"
                },
                {
                    "name": "isReach",
                    "type": "bool"
                }
            ],
            "name": "users",
            "type": "tuple[]"
        }],
        "payable": false,
        "stateMutability": "view",
        "type": "function"
    },
    {
        "constant": true,
        "inputs": [],
        "name": "num",
        "outputs": [{
            "name": "",
            "type": "uint256"
        }],
        "payable": false,
        "stateMutability": "view",
        "type": "function"
    },
    {
        "constant": false,
        "inputs": [{
            "name": "users",
            "type": "address[]"
        }],
        "name": "setUserIsReach",
        "outputs": [{
            "name": "",
            "type": "bool"
        }],
        "payable": false,
        "stateMutability": "nonpayable",
        "type": "function"
    },
    {
        "constant": false,
        "inputs": [],
        "name": "refund",
        "outputs": [{
            "name": "result",
            "type": "bool"
        }],
        "payable": false,
        "stateMutability": "nonpayable",
        "type": "function"
    },
    {
        "constant": true,
        "inputs": [],
        "name": "cupBegin",
        "outputs": [{
            "name": "",
            "type": "bool"
        }],
        "payable": false,
        "stateMutability": "view",
        "type": "function"
    },
    {
        "constant": false,
        "inputs": [{
            "name": "user",
            "type": "address"
        }],
        "name": "setUserVerified",
        "outputs": [],
        "payable": false,
        "stateMutability": "nonpayable",
        "type": "function"
    },
    {
        "constant": true,
        "inputs": [],
        "name": "cupEnd",
        "outputs": [{
            "name": "",
            "type": "bool"
        }],
        "payable": false,
        "stateMutability": "view",
        "type": "function"
    },
    {
        "constant": false,
        "inputs": [],
        "name": "renounceOwnership",
        "outputs": [],
        "payable": false,
        "stateMutability": "nonpayable",
        "type": "function"
    },
    {
        "constant": true,
        "inputs": [],
        "name": "cupEnableKey",
        "outputs": [{
            "name": "",
            "type": "bool"
        }],
        "payable": false,
        "stateMutability": "view",
        "type": "function"
    },
    {
        "constant": true,
        "inputs": [{
            "name": "",
            "type": "uint256"
        }],
        "name": "numOfAddrLb",
        "outputs": [{
            "name": "",
            "type": "address"
        }],
        "payable": false,
        "stateMutability": "view",
        "type": "function"
    },
    {
        "constant": true,
        "inputs": [],
        "name": "owner",
        "outputs": [{
            "name": "",
            "type": "address"
        }],
        "payable": false,
        "stateMutability": "view",
        "type": "function"
    },
    {
        "constant": false,
        "inputs": [],
        "name": "withdrawToOwnerAll",
        "outputs": [],
        "payable": false,
        "stateMutability": "nonpayable",
        "type": "function"
    },
    {
        "constant": true,
        "inputs": [],
        "name": "authNum",
        "outputs": [{
            "name": "",
            "type": "uint256"
        }],
        "payable": false,
        "stateMutability": "view",
        "type": "function"
    },
    {
        "constant": true,
        "inputs": [],
        "name": "isNeedVerify",
        "outputs": [{
            "name": "",
            "type": "bool"
        }],
        "payable": false,
        "stateMutability": "view",
        "type": "function"
    },
    {
        "constant": true,
        "inputs": [],
        "name": "externalAuth",
        "outputs": [{
            "name": "",
            "type": "address"
        }],
        "payable": false,
        "stateMutability": "view",
        "type": "function"
    },
    {
        "constant": false,
        "inputs": [],
        "name": "deposit",
        "outputs": [],
        "payable": false,
        "stateMutability": "nonpayable",
        "type": "function"
    },
    {
        "constant": true,
        "inputs": [{
            "name": "",
            "type": "address"
        }],
        "name": "userAuthInfoLb",
        "outputs": [{
                "name": "lastBlock",
                "type": "uint256"
            },
            {
                "name": "numOf",
                "type": "uint256"
            },
            {
                "name": "status",
                "type": "uint8"
            },
            {
                "name": "isReach",
                "type": "bool"
            }
        ],
        "payable": false,
        "stateMutability": "view",
        "type": "function"
    },
    {
        "constant": false,
        "inputs": [{
            "name": "amount",
            "type": "uint256"
        }],
        "name": "withdrawToOwnerNum",
        "outputs": [],
        "payable": false,
        "stateMutability": "nonpayable",
        "type": "function"
    },
    {
        "constant": true,
        "inputs": [],
        "name": "authToken",
        "outputs": [{
            "name": "",
            "type": "address"
        }],
        "payable": false,
        "stateMutability": "view",
        "type": "function"
    },
    {
        "constant": true,
        "inputs": [{
            "name": "user",
            "type": "address"
        }],
        "name": "getUserStatus",
        "outputs": [{
            "name": "result",
            "type": "bool"
        }],
        "payable": false,
        "stateMutability": "view",
        "type": "function"
    },
    {
        "constant": false,
        "inputs": [{
                "name": "_authToken",
                "type": "address"
            },
            {
                "name": "_cupEnd",
                "type": "bool"
            },
            {
                "name": "_cupEnableKey",
                "type": "bool"
            },
            {
                "name": "_authNum",
                "type": "uint256"
            },
            {
                "name": "_cupBegin",
                "type": "bool"
            }
        ],
        "name": "initialize",
        "outputs": [],
        "payable": false,
        "stateMutability": "nonpayable",
        "type": "function"
    },
    {
        "constant": false,
        "inputs": [{
            "name": "newOwner",
            "type": "address"
        }],
        "name": "transferOwnership",
        "outputs": [],
        "payable": false,
        "stateMutability": "nonpayable",
        "type": "function"
    },
    {
        "constant": false,
        "inputs": [{
                "name": "to",
                "type": "address"
            },
            {
                "name": "amount",
                "type": "uint256"
            }
        ],
        "name": "withdrawByOwner",
        "outputs": [],
        "payable": false,
        "stateMutability": "nonpayable",
        "type": "function"
    },
    {
        "payable": true,
        "stateMutability": "payable",
        "type": "fallback"
    },
    {
        "anonymous": false,
        "inputs": [{
                "indexed": true,
                "name": "from",
                "type": "address"
            },
            {
                "indexed": false,
                "name": "to",
                "type": "address"
            },
            {
                "indexed": false,
                "name": "amount",
                "type": "uint256"
            }
        ],
        "name": "Deposit",
        "type": "event"
    },
    {
        "anonymous": false,
        "inputs": [{
                "indexed": false,
                "name": "from",
                "type": "address"
            },
            {
                "indexed": true,
                "name": "to",
                "type": "address"
            },
            {
                "indexed": false,
                "name": "amount",
                "type": "uint256"
            }
        ],
        "name": "Withdraw",
        "type": "event"
    },
    {
        "anonymous": false,
        "inputs": [{
                "indexed": false,
                "name": "from",
                "type": "address"
            },
            {
                "indexed": true,
                "name": "to",
                "type": "address"
            },
            {
                "indexed": false,
                "name": "amount",
                "type": "uint256"
            }
        ],
        "name": "Refund",
        "type": "event"
    },
    {
        "anonymous": false,
        "inputs": [{
                "indexed": false,
                "name": "user",
                "type": "address"
            },
            {
                "indexed": false,
                "name": "amount",
                "type": "uint256"
            }
        ],
        "name": "ValueReceived",
        "type": "event"
    },
    {
        "anonymous": false,
        "inputs": [{
                "indexed": true,
                "name": "previousOwner",
                "type": "address"
            },
            {
                "indexed": true,
                "name": "newOwner",
                "type": "address"
            }
        ],
        "name": "OwnershipTransferred",
        "type": "event"
    }
]