[{
    "anonymous": false,
    "inputs": [{
        "indexed": true,
        "internalType": "address",
        "name": "previousOwner",
        "type": "address"
      },
      {
        "indexed": true,
        "internalType": "address",
        "name": "newOwner",
        "type": "address"
      }
    ],
    "name": "OwnershipTransferred",
    "type": "event"
  },
  {
    "constant": false,
    "inputs": [{
      "internalType": "address",
      "name": "_autoHeroLogic",
      "type": "address"
    }],
    "name": "addLogic",
    "outputs": [],
    "payable": false,
    "stateMutability": "nonpayable",
    "type": "function"
  },
  {
    "constant": true,
    "inputs": [{
      "internalType": "address",
      "name": "token",
      "type": "address"
    }],
    "name": "balanceOf",
    "outputs": [{
      "internalType": "uint256",
      "name": "",
      "type": "uint256"
    }],
    "payable": false,
    "stateMutability": "view",
    "type": "function"
  },
  {
    "constant": true,
    "inputs": [],
    "name": "getLogics",
    "outputs": [{
      "internalType": "address[]",
      "name": "",
      "type": "address[]"
    }],
    "payable": false,
    "stateMutability": "view",
    "type": "function"
  },
  {
    "constant": true,
    "inputs": [],
    "name": "isOwner",
    "outputs": [{
      "internalType": "bool",
      "name": "",
      "type": "bool"
    }],
    "payable": false,
    "stateMutability": "view",
    "type": "function"
  },
  {
    "constant": true,
    "inputs": [],
    "name": "owner",
    "outputs": [{
      "internalType": "address",
      "name": "",
      "type": "address"
    }],
    "payable": false,
    "stateMutability": "view",
    "type": "function"
  },
  {
    "constant": false,
    "inputs": [{
      "internalType": "address",
      "name": "_autoHeroLogic",
      "type": "address"
    }],
    "name": "removeLogic",
    "outputs": [],
    "payable": false,
    "stateMutability": "nonpayable",
    "type": "function"
  },
  {
    "constant": false,
    "inputs": [],
    "name": "renounceOwnership",
    "outputs": [],
    "payable": false,
    "stateMutability": "nonpayable",
    "type": "function"
  },
  {
    "constant": false,
    "inputs": [{
      "internalType": "address",
      "name": "newOwner",
      "type": "address"
    }],
    "name": "transferOwnership",
    "outputs": [],
    "payable": false,
    "stateMutability": "nonpayable",
    "type": "function"
  },
  {
    "constant": false,
    "inputs": [{
        "internalType": "address",
        "name": "userAddr",
        "type": "address"
      },
      {
        "internalType": "address",
        "name": "token",
        "type": "address"
      },
      {
        "internalType": "uint256",
        "name": "amount",
        "type": "uint256"
      }
    ],
    "name": "withdraw",
    "outputs": [],
    "payable": false,
    "stateMutability": "nonpayable",
    "type": "function"
  }
]
