{
	"group":[{
    "label":"卡塔爾",
    "value":1
  },{
    "label":"厄瓜多爾",
    "value":2
  },{
    "label":"塞內加爾",
    "value":3
  },{
    "label":"荷蘭",
    "value":4
  },{
    "label":"英格蘭",
    "value":5
  },{
    "label":"伊朗",
    "value":6
  },{
    "label":"美國",
    "value":7
  },{
    "label":"威爾士",
    "value":8
  },{
    "label":"阿根廷",
    "value":9
  },{
    "label":"沙特阿拉伯",
    "value":10
  },{
    "label":"墨西哥",
    "value":11
  },{
    "label":"波蘭",
    "value":12
  },{
    "label":"法國",
    "value":13
  },{
    "label":"丹麥",
    "value":14
  },{
    "label":"突尼斯",
    "value":15
  },{
    "label":"澳大利亞",
    "value":16
  },{
    "label":"西班牙",
    "value":17
  },{
    "label":"德國",
    "value":18
  },{
    "label":"日本",
    "value":19
  },{
    "label":"哥斯達黎加",
    "value":20
  },{
    "label":"比利時",
    "value":21
  },{
    "label":"加拿大",
    "value":22
  },{
    "label":"摩洛哥",
    "value":23
  },{
    "label":"克羅地亞",
    "value":24
  },{
    "label":"巴西",
    "value":25
  },{
    "label":"塞爾維亞",
    "value":26
  },{
    "label":"瑞士",
    "value":27
  },{
    "label":"喀麥隆",
    "value":28
  },{
    "label":"葡萄牙",
    "value":29
  },{
    "label":"加納",
    "value":30
  },{
    "label":"烏拉圭",
    "value":31
  },{
    "label":"韓國",
    "value":32
  }],
	"game_group":[{
		"type":"小組賽A組第1輪",
		"time":"2022/11/20 17:00:00",
		"team_a":"卡塔爾",
		"team_b":"厄瓜多爾",
		"id":1
	},{
		"type":"小組賽B組第1輪",
		"time":"2022/11/21 14:00:00",
		"team_a":"英格蘭",
		"team_b":"伊朗",
		"id":2
	},{
		"type":"小組賽A組第1輪",
		"time":"2022/11/21 17:00:00",
		"team_a":"塞內加爾",
		"team_b":"荷蘭",
		"id":3
	},{
		"type":"小組賽B組第1輪",
		"time":"2022/11/21 20:00:00",
		"team_a":"美國",
		"team_b":"威爾士",
		"id":4
	},{
		"type":"小組賽C組第1輪",
		"time":"2022/11/22 11:00:00",
		"team_a":"阿根廷",
		"team_b":"沙特阿拉伯",
		"id":5
	},{
		"type":"小組賽D組第1輪",
		"time":"2022/11/22 14:00:00",
		"team_a":"丹麥",
		"team_b":"突尼斯",
		"id":6
	},{
		"type":"小組賽C組第1輪",
		"time":"2022/11/22 17:00:00",
		"team_a":"墨西哥",
		"team_b":"波蘭",
		"id":7
	},{
		"type":"小組賽D組第1輪",
		"time":"2022/11/22 20:00:00",
		"team_a":"法國",
		"team_b":"澳大利亞",
		"id":8
	},{
		"type":"小組賽F組第1輪",
		"time":"2022/11/23 11:00:00",
		"team_a":"摩洛哥",
		"team_b":"克羅地亞",
		"id":9
	},{
		"type":"小組賽E組第1輪",
		"time":"2022/11/23 14:00:00",
		"team_a":"德國",
		"team_b":"日本",
		"id":10
	},{
		"type":"小組賽E組第1輪",
		"time":"2022/11/23 17:00:00",
		"team_a":"西班牙",
		"team_b":"哥斯達黎加",
		"id":11
	},{
		"type":"小組賽F組第1輪",
		"time":"2022/11/23 20:00:00",
		"team_a":"比利時",
		"team_b":"加拿大",
		"id":12
	},{
		"type":"小組賽G組第1輪",
		"time":"2022/11/24 11:00:00",
		"team_a":"瑞士",
		"team_b":"喀麥隆",
		"id":13
	},{
		"type":"小組賽H組第1輪",
		"time":"2022/11/24 14:00:00",
		"team_a":"烏拉圭",
		"team_b":"韓國",
		"id":14
	},{
		"type":"小組賽H組第1輪",
		"time":"2022/11/24 17:00:00",
		"team_a":"葡萄牙",
		"team_b":"加納",
		"id":15
	},{
		"type":"小組賽G組第1輪",
		"time":"2022/11/24 20:00:00",
		"team_a":"",
		"team_b":"塞爾維亞",
		"id":16
	},{
		"type":"小組賽B組第2輪",
		"time":"2022/11/25 11:00:00",
		"team_a":"威爾士",
		"team_b":"伊朗",
		"id":17
	},{
		"type":"小組賽A組第2輪",
		"time":"2022/11/25 14:00:00",
		"team_a":"卡塔爾",
		"team_b":"塞內加爾",
		"id":18
	},{
		"type":"小組賽A組第2輪",
		"time":"2022/11/25 17:00:00",
		"team_a":"荷蘭",
		"team_b":"厄瓜多爾",
		"id":19
	},{
		"type":"小組賽B組第2輪",
		"time":"2022/11/25 20:00:00",
		"team_a":"英格蘭",
		"team_b":"美國",
		"id":20
	},{
		"type":"小組賽D組第2輪",
		"time":"2022/11/26 11:00:00",
		"team_a":"突尼斯",
		"team_b":"澳大利亞",
		"id":21
	},{
		"type":"小組賽C組第2輪",
		"time":"2022/11/26 14:00:00",
		"team_a":"波蘭",
		"team_b":"沙特阿拉",
		"id":22
	},{
		"type":"小組賽D組第2輪",
		"time":"2022/11/26 17:00:00",
		"team_a":"法國",
		"team_b":"丹麥",
		"id":23
	},{
		"type":"小組賽C組第2輪",
		"time":"2022/11/26 20:00:00",
		"team_a":"阿根廷",
		"team_b":"墨西哥",
		"id":24
	},{
		"type":"小組賽E組第2輪",
		"time":"2022/11/27 11:00:00",
		"team_a":"日本",
		"team_b":"哥斯達黎加",
		"id":25
	},{
		"type":"小組賽F組第2輪",
		"time":"2022/11/27 14:00:00",
		"team_a":"比利時",
		"team_b":"摩洛哥",
		"id":26
	},{
		"type":"小組賽F組第2輪",
		"time":"2022/11/27 17:00:00",
		"team_a":"克羅地亞",
		"team_b":"加拿大",
		"id":27
	},{
		"type":"小組賽E組第2輪",
		"time":"2022/11/27 20:00:00",
		"team_a":"西班牙",
		"team_b":"德國",
		"id":28
	},{
		"type":"小組賽G組第2輪",
		"time":"2022/11/28 11:00:00",
		"team_a":"喀麥隆",
		"team_b":"塞爾維亞",
		"id":29
	},{
		"type":"小組賽H組第2輪",
		"time":"2022/11/28 14:00:00",
		"team_a":"韓國",
		"team_b":"加納",
		"id":30
	},{
		"type":"小組賽G組第2輪",
		"time":"2022/11/28 17:00:00",
		"team_a":"巴西",
		"team_b":"瑞士",
		"id":31
	},{
		"type":"小組賽H組第2輪",
		"time":"2022/11/28 20:00:00",
		"team_a":"葡萄牙",
		"team_b":"烏拉圭",
		"id":32
	},{
		"type":"小組賽A組第3輪",
		"time":"2022/11/29 16:00:00",
		"team_a":"荷蘭",
		"team_b":"卡塔爾",
		"id":33
	},{
		"type":"小組賽A組第3輪",
		"time":"2022/11/29 16:00:00",
		"team_a":"厄瓜多爾",
		"team_b":"塞內加爾",
		"id":34
	},{
		"type":"小組賽B組第3輪",
		"time":"2022/11/29 20:00:00",
		"team_a":"威爾士",
		"team_b":"英格蘭",
		"id":35
	},{
		"type":"小組賽B組第3輪",
		"time":"2022/11/29 20:00:00",
		"team_a":"伊朗",
		"team_b":"美國",
		"id":36
	},{
		"type":"小組賽D組第3輪",
		"time":"2022/11/30 16:00:00",
		"team_a":"突尼斯",
		"team_b":"法國",
		"id":37
	},{
		"type":"小組賽D組第3輪",
		"time":"2022/11/30 16:00:00",
		"team_a":"澳大利亞",
		"team_b":"丹麥",
		"id":38
	},{
		"type":"小組賽C組第3輪",
		"time":"2022/11/30 20:00:00",
		"team_a":"波蘭",
		"team_b":"阿根廷",
		"id":39
	},{
		"type":"小組賽C組第3輪",
		"time":"2022/11/30 20:00:00",
		"team_a":"沙特阿拉伯",
		"team_b":"墨西哥",
		"id":40
	},{
		"type":"小組賽F組第3輪",
		"time":"2022/12/01 16:00:00",
		"team_a":"克羅地亞",
		"team_b":"比利時",
		"id":41
	},{
		"type":"小組賽F組第3輪",
		"time":"2022/12/01 16:00:00",
		"team_a":"加拿大",
		"team_b":"摩洛哥",
		"id":42
	},{
		"type":"小組賽E組第3輪",
		"time":"2022/12/01 20:00:00",
		"team_a":"哥斯達黎加",
		"team_b":"德國",
		"id":43
	},{
		"type":"小組賽E組第3輪",
		"time":"2022/12/01 20:00:00",
		"team_a":"日本",
		"team_b":"西班牙",
		"id":44
	},{
		"type":"小組賽H組第3輪",
		"time":"2022/12/02 16:00:00",
		"team_a":"韓國",
		"team_b":"葡萄牙",
		"id":45
	},{
		"type":"小組賽H組第3輪",
		"time":"2022/12/02 16:00:00",
		"team_a":"加納",
		"team_b":"烏拉圭",
		"id":46
	},{
		"type":"小組賽G組第3輪",
		"time":"2022/12/02 20:00:00",
		"team_a":"喀麥隆",
		"team_b":"巴西",
		"id":47
	},{
		"type":"小組賽G組第3輪",
		"time":"2022/12/02 20:00:00",
		"team_a":"塞爾維亞",
		"team_b":"瑞士",
		"id":48
	}]
}