[{
        "inputs": [{
            "internalType": "address[]",
            "name": "_addr",
            "type": "address[]"
        }],
        "name": "addfriends",
        "outputs": [],
        "stateMutability": "nonpayable",
        "type": "function"
    },
    {
        "inputs": [{
                "internalType": "address",
                "name": "_addr1",
                "type": "address"
            },
            {
                "internalType": "address",
                "name": "_addr2",
                "type": "address"
            }
        ],
        "name": "getIsFriend",
        "outputs": [{
            "internalType": "bool",
            "name": "",
            "type": "bool"
        }],
        "stateMutability": "view",
        "type": "function"
    },
    {
        "inputs": [{
            "internalType": "address",
            "name": "addr",
            "type": "address"
        }],
        "name": "getfriends",
        "outputs": [{
            "internalType": "address[]",
            "name": "",
            "type": "address[]"
        }],
        "stateMutability": "view",
        "type": "function"
    }
]