[{
        "anonymous": false,
        "inputs": [{
                "indexed": true,
                "internalType": "address",
                "name": "previousOwner",
                "type": "address"
            },
            {
                "indexed": true,
                "internalType": "address",
                "name": "newOwner",
                "type": "address"
            }
        ],
        "name": "OwnershipTransferred",
        "type": "event"
    },
    {
        "inputs": [],
        "name": "BecomeFriends",
        "outputs": [{
            "internalType": "contract IBecomeFriends",
            "name": "",
            "type": "address"
        }],
        "stateMutability": "view",
        "type": "function"
    },
    {
        "inputs": [{
            "internalType": "string",
            "name": "name",
            "type": "string"
        }],
        "name": "BecomeGroupLeader",
        "outputs": [{
            "internalType": "bool",
            "name": "",
            "type": "bool"
        }],
        "stateMutability": "nonpayable",
        "type": "function"
    },
    {
        "inputs": [{
            "internalType": "address",
            "name": "_addr",
            "type": "address"
        }],
        "name": "FindLocation",
        "outputs": [{
            "internalType": "uint256",
            "name": "",
            "type": "uint256"
        }],
        "stateMutability": "view",
        "type": "function"
    },
    {
        "inputs": [{
            "internalType": "address[]",
            "name": "_addr",
            "type": "address[]"
        }],
        "name": "FriendsAddfriendstoFriendsRange",
        "outputs": [{
            "internalType": "bool",
            "name": "",
            "type": "bool"
        }],
        "stateMutability": "nonpayable",
        "type": "function"
    },
    {
        "inputs": [{
            "internalType": "address",
            "name": "",
            "type": "address"
        }],
        "name": "Inviter",
        "outputs": [{
            "internalType": "bool",
            "name": "",
            "type": "bool"
        }],
        "stateMutability": "view",
        "type": "function"
    },
    {
        "inputs": [{
            "internalType": "address[]",
            "name": "_addr",
            "type": "address[]"
        }],
        "name": "LeaderAddfriendstoFriendsRange",
        "outputs": [{
            "internalType": "bool",
            "name": "",
            "type": "bool"
        }],
        "stateMutability": "nonpayable",
        "type": "function"
    },
    {
        "inputs": [],
        "name": "SetInviter",
        "outputs": [{
            "internalType": "bool",
            "name": "",
            "type": "bool"
        }],
        "stateMutability": "nonpayable",
        "type": "function"
    },
    {
        "inputs": [],
        "name": "getBecomeFriends",
        "outputs": [{
            "internalType": "contract IBecomeFriends",
            "name": "",
            "type": "address"
        }],
        "stateMutability": "view",
        "type": "function"
    },
    {
        "inputs": [],
        "name": "getBonusPeople",
        "outputs": [{
            "internalType": "address[]",
            "name": "",
            "type": "address[]"
        }],
        "stateMutability": "view",
        "type": "function"
    },
    {
        "inputs": [{
            "internalType": "address",
            "name": "_addr",
            "type": "address"
        }],
        "name": "getFindGroupleader",
        "outputs": [{
            "internalType": "address",
            "name": "",
            "type": "address"
        }],
        "stateMutability": "view",
        "type": "function"
    },
    {
        "inputs": [{
            "internalType": "address",
            "name": "_addr",
            "type": "address"
        }],
        "name": "getFriendsRangsMounts",
        "outputs": [{
            "internalType": "uint256",
            "name": "",
            "type": "uint256"
        }],
        "stateMutability": "view",
        "type": "function"
    },
    {
        "inputs": [{
            "internalType": "address",
            "name": "_addr",
            "type": "address"
        }],
        "name": "getGroupFriend",
        "outputs": [{
            "internalType": "bool",
            "name": "",
            "type": "bool"
        }],
        "stateMutability": "view",
        "type": "function"
    },
    {
        "inputs": [{
            "internalType": "address",
            "name": "_addr",
            "type": "address"
        }],
        "name": "getGroupLeader",
        "outputs": [{
            "internalType": "bool",
            "name": "",
            "type": "bool"
        }],
        "stateMutability": "view",
        "type": "function"
    },
    {
        "inputs": [],
        "name": "getGroupName",
        "outputs": [{
            "internalType": "string",
            "name": "",
            "type": "string"
        }],
        "stateMutability": "view",
        "type": "function"
    },
    {
        "inputs": [{
            "internalType": "address",
            "name": "_addr",
            "type": "address"
        }],
        "name": "getfriends",
        "outputs": [{
            "internalType": "address[]",
            "name": "",
            "type": "address[]"
        }],
        "stateMutability": "view",
        "type": "function"
    },
    {
        "inputs": [],
        "name": "isOwner",
        "outputs": [{
            "internalType": "bool",
            "name": "",
            "type": "bool"
        }],
        "stateMutability": "view",
        "type": "function"
    },
    {
        "inputs": [],
        "name": "owner",
        "outputs": [{
            "internalType": "address",
            "name": "",
            "type": "address"
        }],
        "stateMutability": "view",
        "type": "function"
    },
    {
        "inputs": [{
            "internalType": "address",
            "name": "_addr",
            "type": "address"
        }],
        "name": "removeFriendsRange",
        "outputs": [{
            "internalType": "bool",
            "name": "",
            "type": "bool"
        }],
        "stateMutability": "nonpayable",
        "type": "function"
    },
    {
        "inputs": [],
        "name": "renounceOwnership",
        "outputs": [],
        "stateMutability": "nonpayable",
        "type": "function"
    },
    {
        "inputs": [{
            "internalType": "contract IBecomeFriends",
            "name": "_addr",
            "type": "address"
        }],
        "name": "setBecomeFriends",
        "outputs": [{
            "internalType": "bool",
            "name": "",
            "type": "bool"
        }],
        "stateMutability": "nonpayable",
        "type": "function"
    },
    {
        "inputs": [{
            "internalType": "address",
            "name": "newOwner",
            "type": "address"
        }],
        "name": "transferOwnership",
        "outputs": [],
        "stateMutability": "nonpayable",
        "type": "function"
    }
]