[{
        "constant": true,
        "inputs": [],
        "name": "getF3CacheContract",
        "outputs": [{
            "name": "",
            "type": "address"
        }],
        "payable": false,
        "stateMutability": "view",
        "type": "function"
    },
    {
        "constant": true,
        "inputs": [],
        "name": "f3CacheContract",
        "outputs": [{
            "name": "",
            "type": "address"
        }],
        "payable": false,
        "stateMutability": "view",
        "type": "function"
    },
    {
        "constant": false,
        "inputs": [{
            "name": "_ratio",
            "type": "uint256"
        }],
        "name": "setF3ExchangeRatio",
        "outputs": [],
        "payable": false,
        "stateMutability": "nonpayable",
        "type": "function"
    },
    {
        "constant": false,
        "inputs": [{
            "name": "_f3",
            "type": "uint256"
        }],
        "name": "exchangeF3IntoUsdt",
        "outputs": [{
            "name": "",
            "type": "uint256"
        }],
        "payable": false,
        "stateMutability": "nonpayable",
        "type": "function"
    },
    {
        "constant": false,
        "inputs": [{
            "name": "_addr",
            "type": "address"
        }],
        "name": "setUsdtContract",
        "outputs": [],
        "payable": false,
        "stateMutability": "nonpayable",
        "type": "function"
    },
    {
        "constant": true,
        "inputs": [],
        "name": "usdtContract",
        "outputs": [{
            "name": "",
            "type": "address"
        }],
        "payable": false,
        "stateMutability": "view",
        "type": "function"
    },
    {
        "constant": false,
        "inputs": [{
            "name": "_addr",
            "type": "address"
        }],
        "name": "setF3CacheContract",
        "outputs": [],
        "payable": false,
        "stateMutability": "nonpayable",
        "type": "function"
    },
    {
        "constant": false,
        "inputs": [],
        "name": "initialize",
        "outputs": [],
        "payable": false,
        "stateMutability": "nonpayable",
        "type": "function"
    },
    {
        "constant": true,
        "inputs": [],
        "name": "owner",
        "outputs": [{
            "name": "",
            "type": "address"
        }],
        "payable": false,
        "stateMutability": "view",
        "type": "function"
    },
    {
        "constant": false,
        "inputs": [{
            "name": "_usdt",
            "type": "uint256"
        }],
        "name": "exchangeUsdtIntoF3",
        "outputs": [{
            "name": "",
            "type": "uint256"
        }],
        "payable": false,
        "stateMutability": "nonpayable",
        "type": "function"
    },
    {
        "constant": true,
        "inputs": [],
        "name": "f3ExchangeRatio",
        "outputs": [{
            "name": "",
            "type": "uint256"
        }],
        "payable": false,
        "stateMutability": "view",
        "type": "function"
    },
    {
        "constant": false,
        "inputs": [{
            "name": "newOwner",
            "type": "address"
        }],
        "name": "transferOwnership",
        "outputs": [],
        "payable": false,
        "stateMutability": "nonpayable",
        "type": "function"
    },
    {
        "anonymous": false,
        "inputs": [{
                "indexed": true,
                "name": "previousOwner",
                "type": "address"
            },
            {
                "indexed": true,
                "name": "newOwner",
                "type": "address"
            }
        ],
        "name": "OwnershipTransferred",
        "type": "event"
    }
]