[{
        "constant": false,
        "inputs": [{
                "name": "_userAddr",
                "type": "address"
            },
            {
                "name": "_f3",
                "type": "uint256"
            }
        ],
        "name": "exchangeF3IntoUsdt",
        "outputs": [{
            "name": "",
            "type": "uint256"
        }],
        "payable": false,
        "stateMutability": "nonpayable",
        "type": "function"
    },
    {
        "constant": false,
        "inputs": [{
            "name": "_usdt",
            "type": "uint256"
        }],
        "name": "exchangeUsdtIntoF3",
        "outputs": [{
            "name": "",
            "type": "uint256"
        }],
        "payable": false,
        "stateMutability": "nonpayable",
        "type": "function"
    },
    {
        "constant": false,
        "inputs": [{
            "name": "addr",
            "type": "address"
        }],
        "name": "setF3CacheContract",
        "outputs": [],
        "payable": false,
        "stateMutability": "nonpayable",
        "type": "function"
    },
    {
        "constant": false,
        "inputs": [{
            "name": "ratio",
            "type": "uint256"
        }],
        "name": "setF3ExchangeRatio",
        "outputs": [],
        "payable": false,
        "stateMutability": "nonpayable",
        "type": "function"
    },
    {
        "constant": false,
        "inputs": [{
            "name": "addr",
            "type": "address"
        }],
        "name": "setUsdtContract",
        "outputs": [],
        "payable": false,
        "stateMutability": "nonpayable",
        "type": "function"
    },
    {
        "inputs": [],
        "payable": false,
        "stateMutability": "nonpayable",
        "type": "constructor"
    },
    {
        "constant": true,
        "inputs": [],
        "name": "f3CacheContract",
        "outputs": [{
            "name": "",
            "type": "address"
        }],
        "payable": false,
        "stateMutability": "view",
        "type": "function"
    },
    {
        "constant": true,
        "inputs": [],
        "name": "f3ExchangeRatio",
        "outputs": [{
            "name": "",
            "type": "uint256"
        }],
        "payable": false,
        "stateMutability": "view",
        "type": "function"
    },
    {
        "constant": true,
        "inputs": [],
        "name": "getF3CacheContract",
        "outputs": [{
            "name": "",
            "type": "address"
        }],
        "payable": false,
        "stateMutability": "view",
        "type": "function"
    },
    {
        "constant": true,
        "inputs": [],
        "name": "owner",
        "outputs": [{
            "name": "",
            "type": "address"
        }],
        "payable": false,
        "stateMutability": "view",
        "type": "function"
    },
    {
        "constant": true,
        "inputs": [],
        "name": "usdtContract",
        "outputs": [{
            "name": "",
            "type": "address"
        }],
        "payable": false,
        "stateMutability": "view",
        "type": "function"
    }
]