[{
        "constant": false,
        "inputs": [{
                "name": "_pID",
                "type": "uint256"
            },
            {
                "name": "_result",
                "type": "uint8"
            },
            {
                "name": "_keys",
                "type": "uint256"
            }
        ],
        "name": "dealGame1",
        "outputs": [],
        "payable": false,
        "stateMutability": "nonpayable",
        "type": "function"
    },
    {
        "constant": true,
        "inputs": [],
        "name": "gameEnd",
        "outputs": [{
            "name": "",
            "type": "uint256"
        }],
        "payable": false,
        "stateMutability": "view",
        "type": "function"
    },
    {
        "constant": false,
        "inputs": [{
            "name": "_game1Mode",
            "type": "uint8"
        }],
        "name": "setGame1Mode",
        "outputs": [],
        "payable": false,
        "stateMutability": "nonpayable",
        "type": "function"
    },
    {
        "constant": true,
        "inputs": [{
            "name": "",
            "type": "uint256"
        }],
        "name": "betDatas2",
        "outputs": [{
                "name": "pId",
                "type": "uint256"
            },
            {
                "name": "result",
                "type": "uint8"
            },
            {
                "name": "keyStart",
                "type": "uint256"
            },
            {
                "name": "keyEnd",
                "type": "uint256"
            }
        ],
        "payable": false,
        "stateMutability": "view",
        "type": "function"
    },
    {
        "constant": true,
        "inputs": [{
            "name": "",
            "type": "uint256"
        }],
        "name": "results",
        "outputs": [{
            "name": "",
            "type": "uint256"
        }],
        "payable": false,
        "stateMutability": "view",
        "type": "function"
    },
    {
        "constant": true,
        "inputs": [{
            "name": "",
            "type": "uint256"
        }],
        "name": "mapPlayers",
        "outputs": [{
            "name": "",
            "type": "uint8"
        }],
        "payable": false,
        "stateMutability": "view",
        "type": "function"
    },
    {
        "constant": true,
        "inputs": [],
        "name": "getForceOpenGame2",
        "outputs": [{
            "name": "",
            "type": "bool"
        }],
        "payable": false,
        "stateMutability": "view",
        "type": "function"
    },
    {
        "constant": false,
        "inputs": [{
            "name": "_distributeMode",
            "type": "uint8"
        }],
        "name": "setDistributeMode",
        "outputs": [],
        "payable": false,
        "stateMutability": "nonpayable",
        "type": "function"
    },
    {
        "constant": false,
        "inputs": [{
                "name": "_teamJust",
                "type": "address"
            },
            {
                "name": "_fomo3d",
                "type": "address"
            }
        ],
        "name": "setup",
        "outputs": [],
        "payable": false,
        "stateMutability": "nonpayable",
        "type": "function"
    },
    {
        "constant": true,
        "inputs": [],
        "name": "distributeMode",
        "outputs": [{
            "name": "",
            "type": "uint8"
        }],
        "payable": false,
        "stateMutability": "view",
        "type": "function"
    },
    {
        "constant": true,
        "inputs": [],
        "name": "getResultMode",
        "outputs": [{
            "name": "",
            "type": "uint8"
        }],
        "payable": false,
        "stateMutability": "view",
        "type": "function"
    },
    {
        "constant": true,
        "inputs": [],
        "name": "game1End",
        "outputs": [{
            "name": "",
            "type": "uint256"
        }],
        "payable": false,
        "stateMutability": "view",
        "type": "function"
    },
    {
        "constant": true,
        "inputs": [],
        "name": "gameStart",
        "outputs": [{
            "name": "",
            "type": "uint256"
        }],
        "payable": false,
        "stateMutability": "view",
        "type": "function"
    },
    {
        "constant": true,
        "inputs": [],
        "name": "distributeGame2Rewards",
        "outputs": [{
            "name": "",
            "type": "uint256[]"
        }],
        "payable": false,
        "stateMutability": "view",
        "type": "function"
    },
    {
        "constant": true,
        "inputs": [{
                "name": "start",
                "type": "uint256"
            },
            {
                "name": "pId",
                "type": "uint256"
            }
        ],
        "name": "judgeStatus",
        "outputs": [],
        "payable": false,
        "stateMutability": "view",
        "type": "function"
    },
    {
        "constant": true,
        "inputs": [],
        "name": "timestampNextPot",
        "outputs": [{
            "name": "",
            "type": "uint256"
        }],
        "payable": false,
        "stateMutability": "view",
        "type": "function"
    },
    {
        "constant": true,
        "inputs": [{
            "name": "_result",
            "type": "uint8"
        }],
        "name": "judgeResult",
        "outputs": [],
        "payable": false,
        "stateMutability": "view",
        "type": "function"
    },
    {
        "constant": true,
        "inputs": [],
        "name": "champion",
        "outputs": [{
            "name": "",
            "type": "uint8"
        }],
        "payable": false,
        "stateMutability": "view",
        "type": "function"
    },
    {
        "constant": true,
        "inputs": [],
        "name": "getNextPot",
        "outputs": [{
            "name": "",
            "type": "address"
        }],
        "payable": false,
        "stateMutability": "view",
        "type": "function"
    },
    {
        "constant": true,
        "inputs": [],
        "name": "game1Start",
        "outputs": [{
            "name": "",
            "type": "uint256"
        }],
        "payable": false,
        "stateMutability": "view",
        "type": "function"
    },
    {
        "constant": false,
        "inputs": [{
            "name": "_forceOpenGame2",
            "type": "bool"
        }],
        "name": "setForceOpenGame2",
        "outputs": [],
        "payable": false,
        "stateMutability": "nonpayable",
        "type": "function"
    },
    {
        "constant": false,
        "inputs": [],
        "name": "initialize",
        "outputs": [],
        "payable": false,
        "stateMutability": "nonpayable",
        "type": "function"
    },
    {
        "constant": true,
        "inputs": [],
        "name": "forceOpenGame2",
        "outputs": [{
            "name": "",
            "type": "bool"
        }],
        "payable": false,
        "stateMutability": "view",
        "type": "function"
    },
    {
        "constant": true,
        "inputs": [],
        "name": "owner",
        "outputs": [{
            "name": "",
            "type": "address"
        }],
        "payable": false,
        "stateMutability": "view",
        "type": "function"
    },
    {
        "constant": false,
        "inputs": [{
                "name": "_nextPot",
                "type": "address"
            },
            {
                "name": "_timestampNextPot",
                "type": "uint256"
            }
        ],
        "name": "setNextPot",
        "outputs": [],
        "payable": false,
        "stateMutability": "nonpayable",
        "type": "function"
    },
    {
        "constant": true,
        "inputs": [],
        "name": "resultMode",
        "outputs": [{
            "name": "",
            "type": "uint8"
        }],
        "payable": false,
        "stateMutability": "view",
        "type": "function"
    },
    {
        "constant": false,
        "inputs": [{
                "name": "_pID",
                "type": "uint256"
            },
            {
                "name": "_result",
                "type": "uint8"
            },
            {
                "name": "_keys",
                "type": "uint256"
            }
        ],
        "name": "dealGame2",
        "outputs": [],
        "payable": false,
        "stateMutability": "nonpayable",
        "type": "function"
    },
    {
        "constant": true,
        "inputs": [],
        "name": "getGoals",
        "outputs": [{
            "name": "",
            "type": "uint256"
        }],
        "payable": false,
        "stateMutability": "view",
        "type": "function"
    },
    {
        "constant": false,
        "inputs": [{
                "name": "_timestampA",
                "type": "uint256[]"
            },
            {
                "name": "_timestampB",
                "type": "uint256[]"
            },
            {
                "name": "_gameEnd",
                "type": "uint256"
            }
        ],
        "name": "setGameResult",
        "outputs": [],
        "payable": false,
        "stateMutability": "nonpayable",
        "type": "function"
    },
    {
        "constant": true,
        "inputs": [],
        "name": "nextPot",
        "outputs": [{
            "name": "",
            "type": "address"
        }],
        "payable": false,
        "stateMutability": "view",
        "type": "function"
    },
    {
        "constant": true,
        "inputs": [{
            "name": "",
            "type": "uint256"
        }],
        "name": "guessRights",
        "outputs": [{
            "name": "",
            "type": "uint256"
        }],
        "payable": false,
        "stateMutability": "view",
        "type": "function"
    },
    {
        "constant": true,
        "inputs": [{
            "name": "",
            "type": "uint256"
        }],
        "name": "betDatas1",
        "outputs": [{
                "name": "pId",
                "type": "uint256"
            },
            {
                "name": "result",
                "type": "uint8"
            },
            {
                "name": "keyStart",
                "type": "uint256"
            },
            {
                "name": "keyEnd",
                "type": "uint256"
            }
        ],
        "payable": false,
        "stateMutability": "view",
        "type": "function"
    },
    {
        "constant": true,
        "inputs": [],
        "name": "game1Mode",
        "outputs": [{
            "name": "",
            "type": "uint8"
        }],
        "payable": false,
        "stateMutability": "view",
        "type": "function"
    },
    {
        "constant": true,
        "inputs": [],
        "name": "getGameResult",
        "outputs": [{
            "name": "",
            "type": "uint8"
        }],
        "payable": false,
        "stateMutability": "view",
        "type": "function"
    },
    {
        "constant": true,
        "inputs": [],
        "name": "getGame1Time",
        "outputs": [{
                "name": "",
                "type": "uint256"
            },
            {
                "name": "",
                "type": "uint256"
            }
        ],
        "payable": false,
        "stateMutability": "view",
        "type": "function"
    },
    {
        "constant": true,
        "inputs": [],
        "name": "distributeGame1Rewards",
        "outputs": [{
            "name": "",
            "type": "uint256[]"
        }],
        "payable": false,
        "stateMutability": "view",
        "type": "function"
    },
    {
        "constant": false,
        "inputs": [{
                "name": "_game1Start",
                "type": "uint256"
            },
            {
                "name": "_game1End",
                "type": "uint256"
            },
            {
                "name": "_gameStart",
                "type": "uint256"
            },
            {
                "name": "_resultMode",
                "type": "uint32"
            }
        ],
        "name": "setPara",
        "outputs": [],
        "payable": false,
        "stateMutability": "nonpayable",
        "type": "function"
    },
    {
        "constant": true,
        "inputs": [],
        "name": "getTimestampNextPot",
        "outputs": [{
            "name": "",
            "type": "uint256"
        }],
        "payable": false,
        "stateMutability": "view",
        "type": "function"
    },
    {
        "constant": false,
        "inputs": [{
            "name": "newOwner",
            "type": "address"
        }],
        "name": "transferOwnership",
        "outputs": [],
        "payable": false,
        "stateMutability": "nonpayable",
        "type": "function"
    },
    {
        "constant": false,
        "inputs": [{
                "name": "_timestampA",
                "type": "uint256[]"
            },
            {
                "name": "_timestampB",
                "type": "uint256[]"
            },
            {
                "name": "_gameEnd",
                "type": "uint256"
            },
            {
                "name": "_champion",
                "type": "uint8"
            }
        ],
        "name": "setChampion",
        "outputs": [],
        "payable": false,
        "stateMutability": "nonpayable",
        "type": "function"
    },
    {
        "anonymous": false,
        "inputs": [{
                "indexed": true,
                "name": "previousOwner",
                "type": "address"
            },
            {
                "indexed": true,
                "name": "newOwner",
                "type": "address"
            }
        ],
        "name": "OwnershipTransferred",
        "type": "event"
    }
]